{"acc_val": [93.3, 94.2, 95.2, 94.6, 93.1], "acc_train": [98.4, 99.2, 99.2, 99.2, 99.4], "loss": [0.4747541159391403, 0.43970359563827516, 0.45668774247169497, 0.47030586302280425, 0.45531396865844725]}