{"acc_val": [93.3, 94.5, 94.2, 94.0, 94.3], "acc_train": [98.9, 97.5, 97.9, 99.3, 98.5], "loss": [0.6550456650555134, 0.7711769409477711, 0.6757899820804596, 0.5093167025595904, 0.5494212623685598]}