{"acc_val": [93.1, 92.7, 91.0, 93.3, 91.4], "acc_train": [98.1, 97.5, 98.0, 97.9, 98.3], "loss": [0.710539174079895, 0.892914205789566, 0.8050284735858441, 0.7194127570837736, 0.8744404144585133]}