{"acc_val": [95.5, 95.7, 94.9, 95.5, 94.4], "acc_train": [99.3, 98.9, 99.0, 99.4, 99.3], "loss": [0.5168885320425034, 0.551776111125946, 0.558901184797287, 0.43746930211782453, 0.4851689741015434]}