{"acc_val": [92.5, 94.5, 93.8, 93.9, 91.3], "acc_train": [97.1, 98.5, 99.4, 97.7, 96.2], "loss": [0.7511056572198868, 0.5391313284635544, 0.6931434512138367, 0.772682273387909, 0.8939649373292923]}