{"acc_val": [92.0, 86.0, 91.2, 94.1, 90.4], "acc_train": [97.3, 92.4, 96.5, 96.2, 97.0], "loss": [0.8092490196228027, 1.6709762811660767, 0.9599732756614685, 0.8403904676437378, 0.7706567049026489]}