{"acc_val": [89.9, 90.5, 89.7, 88.4, 86.4], "acc_train": [92.7, 94.0, 92.6, 91.3, 87.4], "loss": [1.3511571288108826, 1.000253975391388, 1.285156488418579, 1.269371509552002, 1.7618862986564636]}