{"acc_val": [87.3, 80.6, 82.6, 84.9, 84.0], "acc_train": [84.6, 83.7, 84.0, 86.0, 87.0], "loss": [2.1397979259490967, 2.4126415252685547, 2.4075748920440674, 2.197549343109131, 2.2992427349090576]}