{"acc_val": [93.0, 93.2, 92.7, 91.2, 93.0], "acc_train": [98.3, 97.6, 97.7, 96.1, 97.9], "loss": [0.5114232718944549, 0.6176683187484742, 0.4916710615158081, 0.8502884984016419, 0.49305840730667116]}