{"acc_val": [81.2, 83.7, 85.7, 86.8, 84.0], "acc_train": [84.5, 85.5, 88.4, 87.0, 86.9], "loss": [1.8558661937713623, 2.003340721130371, 1.5124785900115967, 1.6283775568008423, 1.6890112161636353]}