{"acc_val": [93.8, 91.1, 93.3, 93.6, 94.5], "acc_train": [97.3, 97.3, 96.9, 96.9, 98.0], "loss": [0.7877450346946716, 0.6760643720626831, 0.7399146258831024, 0.8124256670475006, 0.6916698843240738]}