{"acc_val": [89.8, 88.4, 90.5, 89.6, 89.7], "acc_train": [94.2, 93.3, 93.7, 93.0, 90.6], "loss": [0.9509960412979126, 1.0241042375564575, 0.9442822635173798, 1.0835049748420715, 1.0858410596847534]}