{"acc_val": [89.6, 89.3, 91.9, 91.2, 90.8], "acc_train": [94.1, 93.8, 95.1, 93.9, 94.4], "loss": [0.9752927541732788, 0.9829827070236206, 0.9322359025478363, 0.9641149342060089, 0.9723250806331635]}