{"acc_val": [92.3, 93.4, 93.1, 94.8, 93.8], "acc_train": [98.4, 98.7, 98.5, 98.6, 98.3], "loss": [0.7325410842895508, 0.5054196298122406, 0.611798894405365, 0.510625371336937, 0.5586116969585418]}