{"acc_val": [75.3, 78.0, 78.9, 78.3, 79.8], "acc_train": [76.4, 76.0, 81.3, 77.7, 81.0], "loss": [4.020036244392395, 4.146086263656616, 3.8882534503936768, 4.046500611305237, 3.988617992401123]}