{"acc_val": [90.9, 92.2, 90.1, 90.6, 87.7], "acc_train": [95.5, 96.1, 94.8, 95.6, 93.0], "loss": [1.3450014233589171, 0.9825650811195373, 0.9735390782356262, 1.1599641382694243, 1.3456089973449707]}