{"acc_val": [84.6, 88.0, 85.3, 86.1, 87.5], "acc_train": [88.7, 91.9, 88.6, 89.7, 89.5], "loss": [1.2944162964820862, 1.134054386615753, 1.1013340950012207, 1.182338297367096, 1.3498109579086304]}