{"acc_val": [93.1, 91.6, 92.2, 92.6, 92.1], "acc_train": [97.4, 96.8, 96.8, 97.5, 97.3], "loss": [1.0927705347537995, 0.9726721584796906, 0.8130692839622498, 0.8259003937244416, 0.9022360146045685]}