{"acc_val": [91.5, 81.0, 87.5, 87.8, 93.0], "acc_train": [97.5, 85.8, 91.7, 91.8, 97.3], "loss": [0.8459696590900421, 1.6533363819122315, 1.3697229266166686, 1.0751170754432677, 0.7100456535816193]}