{"acc_val": [87.9, 88.3, 87.3, 88.9, 88.4], "acc_train": [91.7, 92.0, 90.3, 91.0, 91.7], "loss": [1.3276578545570374, 1.3841462850570678, 1.3489096522331239, 1.3405346393585205, 1.4264972686767579]}