{"acc_val": [77.8, 77.7, 76.3, 79.4, 74.6], "acc_train": [77.1, 77.4, 73.7, 79.1, 76.2], "loss": [4.362787342071533, 4.151252555847168, 4.421507978439331, 4.379221200942993, 4.638635969161987]}