{"acc_val": [90.9, 91.3, 88.6, 90.8, 91.5], "acc_train": [94.5, 95.6, 95.1, 96.0, 93.5], "loss": [0.7497962594032288, 0.8244771242141724, 0.734351658821106, 0.7046412050724029, 0.9100596487522126]}