{"acc_val": [85.5, 86.5, 87.1, 70.9, 81.7], "acc_train": [90.6, 90.7, 93.6, 72.4, 86.7], "loss": [1.3416763424873352, 1.274303913116455, 1.3052880764007568, 3.352824592590332, 1.877051794528961]}