{"acc_val": [87.5, 84.2, 86.2, 85.0, 85.3], "acc_train": [90.2, 87.4, 90.9, 90.7, 88.0], "loss": [2.8057428359985352, 2.481173348426819, 2.0587632179260256, 2.040085184574127, 1.9863105177879334]}