{"acc_val": [85.6, 89.1, 90.2, 90.3, 89.1], "acc_train": [91.8, 92.6, 94.5, 93.1, 90.0], "loss": [0.8720154345035553, 0.7913940012454986, 0.8065737843513489, 0.8291210412979126, 0.811228621006012]}