{"acc_val": [77.2, 78.4, 82.0, 77.0, 79.8], "acc_train": [81.4, 78.6, 78.4, 78.1, 81.6], "loss": [2.884787917137146, 2.947912001609802, 3.054922890663147, 2.8942824363708497, 2.879482388496399]}