{"acc_val": [87.7, 87.8, 90.7, 88.7, 90.1], "acc_train": [89.7, 90.5, 92.4, 92.0, 93.1], "loss": [1.0272926926612853, 1.05725200176239, 0.9323499798774719, 0.9138920903205872, 0.8508085489273072]}