{"acc_val": [83.6, 85.9, 79.9, 80.7, 85.9], "acc_train": [87.7, 91.7, 79.4, 84.3, 88.4], "loss": [3.267929458618164, 2.993239498138428, 3.152105760574341, 3.6531895637512206, 3.1094629764556885]}