{"acc_val": [88.5, 87.8, 82.5, 85.0, 82.7], "acc_train": [92.6, 90.3, 87.3, 88.2, 85.0], "loss": [1.8380146265029906, 2.040604829788208, 2.4745521068573, 2.0453074097633364, 2.2100799798965456]}