{"acc_val": [84.0, 88.3, 88.7, 86.4, 86.1], "acc_train": [88.8, 88.4, 91.0, 88.1, 88.1], "loss": [0.9950963675975799, 0.9580067336559296, 0.9716933965682983, 0.9929697871208191, 0.9672742903232574]}