{"acc_val": [91.4, 93.1, 91.1, 91.6, 93.3], "acc_train": [95.3, 96.2, 95.1, 94.1, 94.7], "loss": [0.6648413240909576, 0.663570910692215, 0.6881682217121124, 0.6474433183670044, 0.5952517628669739]}