{"acc_val": [85.6, 84.1, 88.4, 86.5, 91.0], "acc_train": [87.4, 89.1, 90.9, 90.4, 93.6], "loss": [2.2087284088134767, 2.125507950782776, 2.3941933155059814, 2.1973309993743895, 1.7967711329460143]}