{"acc_val": [80.4, 71.5, 82.3, 83.0, 75.3], "acc_train": [84.3, 73.6, 87.9, 87.7, 80.6], "loss": [3.1581520318984984, 4.024772310256958, 2.6287243366241455, 2.5627560377120973, 3.3525417327880858]}