{"acc_val": [81.6, 78.4, 84.3, 82.2, 78.5], "acc_train": [84.2, 81.5, 86.9, 82.1, 81.2], "loss": [2.2927016258239745, 2.4654417514801024, 2.371813702583313, 2.7812883853912354, 2.387173128128052]}