{"acc_val": [89.2, 91.4, 89.4, 88.9, 88.7], "acc_train": [92.2, 90.8, 89.8, 93.9, 91.9], "loss": [1.2764304995536804, 1.2793722867965698, 1.319049859046936, 1.3165485978126525, 1.1969531893730163]}