{"acc_val": [80.1, 77.9, 79.3, 70.8, 73.3], "acc_train": [80.7, 80.3, 82.0, 71.6, 73.5], "loss": [1.968647050857544, 2.2023234605789184, 2.7872373342514036, 3.7693081855773927, 2.4873955965042116]}