{"acc_val": [88.2, 87.9, 88.9, 85.6, 90.6], "acc_train": [89.2, 90.1, 89.3, 88.7, 93.1], "loss": [1.0944094896316527, 1.1225893080234528, 1.0210377991199493, 1.3240494847297668, 0.9129494547843933]}