{"acc_val": [88.6, 88.1, 79.5, 84.8, 77.2], "acc_train": [93.5, 93.6, 84.9, 93.2, 79.1], "loss": [0.8361248016357422, 1.0933783233165741, 1.6444625377655029, 1.3634514570236207, 2.159459638595581]}