{"acc_val": [89.0, 89.0, 89.2, 91.5, 90.8], "acc_train": [92.9, 91.5, 92.4, 91.4, 92.1], "loss": [0.926919800043106, 0.8933403253555298, 0.9585740804672241, 0.9375663995742798, 0.953972852230072]}