{"acc_val": [80.2, 81.7, 70.3, 81.6, 81.9], "acc_train": [80.7, 85.1, 72.7, 83.3, 82.2], "loss": [3.352277994155884, 2.5965409755706785, 3.665645480155945, 2.728915476799011, 2.632560133934021]}