{"acc_val": [87.7, 88.4, 86.9, 84.5, 88.0], "acc_train": [91.2, 89.5, 91.0, 85.1, 90.1], "loss": [1.7296378850936889, 2.0803473234176635, 1.9839208960533141, 2.1727003693580627, 1.9128358602523803]}