{"acc_val": [81.9, 84.6, 85.9, 81.5, 86.5], "acc_train": [83.0, 90.3, 88.3, 82.4, 87.5], "loss": [2.202851402759552, 1.6658764004707336, 1.72524493932724, 1.5566707968711853, 1.64931640625]}