{"acc_val": [87.1, 82.2, 81.3, 83.0, 85.7], "acc_train": [89.5, 87.2, 83.1, 85.1, 88.4], "loss": [2.11888302564621, 2.6413732051849363, 2.8073647260665893, 3.0472908496856688, 3.1682316064834595]}