{"acc_val": [83.7, 89.7, 92.3, 88.6, 86.6], "acc_train": [84.2, 91.0, 94.6, 91.1, 85.9], "loss": [1.5205177426338197, 1.6546908617019653, 1.2377566337585448, 1.3254219889640808, 1.6627604961395264]}