{"acc_val": [89.2, 80.6, 78.7, 87.4, 87.0], "acc_train": [91.6, 84.9, 80.5, 92.0, 90.1], "loss": [2.0751885414123534, 2.6739721059799195, 2.849679732322693, 2.1755647897720336, 2.1357188701629637]}