{"acc_val": [92.0, 92.1, 90.0, 91.9, 94.0], "acc_train": [96.5, 96.8, 96.4, 96.7, 97.2], "loss": [0.4770870268344879, 0.5039302349090576, 0.47080710232257844, 0.4723192185163498, 0.49227538108825686]}