{"acc_val": [83.7, 88.0, 84.3, 77.4, 85.2], "acc_train": [86.0, 91.2, 86.0, 79.9, 85.5], "loss": [1.833838653564453, 1.9859007716178894, 1.9533042192459107, 2.313632440567017, 2.4497749328613283]}