{"acc_val": [87.9, 86.9, 88.3, 89.4, 87.8], "acc_train": [87.5, 91.8, 92.2, 91.6, 89.0], "loss": [1.505394160747528, 1.2978554368019104, 1.3843626618385314, 1.3794592022895813, 1.5348687171936035]}