{"acc_val": [80.4, 89.3, 90.5, 91.2, 83.2], "acc_train": [84.4, 91.3, 94.8, 96.6, 87.2], "loss": [1.5042523741722107, 1.0026000022888184, 0.6420550346374512, 0.5198782861232758, 1.593054175376892]}