{"acc_val": [94.0, 94.1, 91.8, 93.0, 93.6], "acc_train": [96.8, 96.6, 94.8, 96.7, 96.6], "loss": [0.5156372159719467, 0.4919504940509796, 0.6738381326198578, 0.4708817631006241, 0.5452097177505493]}