{"acc_val": [87.1, 89.3, 87.0, 89.1, 89.9], "acc_train": [90.6, 91.0, 90.3, 89.7, 92.3], "loss": [0.9426733136177063, 0.9798793971538544, 0.8969790458679199, 1.0098405957221985, 0.9326888680458069]}