{"acc_val": [90.8, 91.1, 93.0, 87.4, 90.0], "acc_train": [94.6, 93.8, 95.2, 90.9, 93.2], "loss": [0.680612426996231, 0.7375126242637634, 0.6033093988895416, 0.9417782008647919, 0.7927496671676636]}