{"acc_val": [92.9, 92.4, 90.5, 91.8, 85.6], "acc_train": [95.1, 94.5, 95.0, 93.5, 89.4], "loss": [0.6184934794902801, 0.7078424036502838, 0.7150234997272491, 0.7217146813869476, 1.2879021763801575]}