{"acc_val": [88.8, 83.3, 84.4, 87.5, 83.2], "acc_train": [90.3, 81.4, 85.8, 89.6, 84.6], "loss": [1.6013625383377075, 1.5280373096466064, 1.6141016960144043, 1.6023678421974181, 1.6197676301002502]}