{"acc_val": [88.2, 89.9, 87.3, 88.6, 88.5], "acc_train": [92.1, 92.1, 92.0, 92.6, 91.8], "loss": [0.9539309144020081, 0.9339258253574372, 0.9899493157863617, 0.9141467332839965, 0.9608171224594116]}