{"acc_val": [89.0, 89.1, 89.5, 89.9, 89.3], "acc_train": [92.0, 91.5, 91.2, 92.2, 94.2], "loss": [0.8019873201847076, 0.8025505602359772, 0.8192186951637268, 0.8650198340415954, 0.7844118773937225]}