{"acc_val": [87.8, 89.3, 90.0, 89.7, 89.3], "acc_train": [91.6, 92.6, 92.1, 93.0, 93.1], "loss": [0.8306297123432159, 0.7411879420280456, 0.7803381562232972, 0.7628411889076233, 0.8492270052433014]}