{"acc_val": [76.5, 81.2, 84.1, 80.4, 73.5], "acc_train": [76.6, 82.8, 83.7, 80.6, 75.2], "loss": [2.4975908756256104, 2.2265783309936524, 2.2453757762908935, 2.304732871055603, 2.1947385549545286]}