{"acc_val": [83.2, 82.2, 82.8, 83.6, 81.2], "acc_train": [86.1, 85.0, 82.5, 87.6, 83.9], "loss": [1.86844744682312, 2.3233247995376587, 1.884538197517395, 2.0365992307662966, 2.2302199244499206]}