{"acc_val": [88.8, 90.8, 88.3, 85.4, 88.3], "acc_train": [91.6, 94.7, 89.5, 90.5, 91.7], "loss": [2.0020350098609923, 1.934862768650055, 1.84051011800766, 1.9643742561340332, 2.0649460196495055]}