{"acc_val": [89.3, 87.4, 87.1, 85.1, 86.4], "acc_train": [91.2, 89.8, 90.7, 86.1, 90.2], "loss": [0.9026555478572845, 0.8931509971618652, 0.9344383418560028, 1.016653710603714, 0.8960760533809662]}