{"acc_val": [93.4, 93.5, 89.8, 89.6, 94.3], "acc_train": [96.2, 96.9, 91.9, 93.6, 96.9], "loss": [1.134361171722412, 1.3102722346782685, 2.4785074472427366, 1.577246332168579, 1.4265159010887145]}