{"acc_val": [81.9, 83.4, 80.4, 86.0, 83.2], "acc_train": [82.9, 86.3, 84.1, 88.3, 87.2], "loss": [2.754591178894043, 2.204146313667297, 2.2960121870040893, 2.1121169328689575, 2.124988281726837]}