{"acc_val": [91.6, 89.2, 89.3, 88.3, 89.4], "acc_train": [95.3, 94.4, 91.6, 91.7, 92.6], "loss": [1.677673065662384, 1.5232914328575133, 1.867938256263733, 1.9718446135520935, 1.886937642097473]}