{"acc_val": [90.1, 83.8, 85.0, 79.5, 92.1], "acc_train": [94.9, 85.3, 91.6, 84.7, 96.9], "loss": [0.7372825413942337, 1.488561475276947, 1.2430214762687684, 1.4414496183395387, 0.5933382153511048]}