{"acc_val": [92.8, 91.8, 93.8, 93.4, 94.7], "acc_train": [96.1, 97.8, 96.4, 97.5, 98.2], "loss": [0.7288598954677582, 0.7094950377941132, 0.7532509207725525, 0.7047270357608795, 0.6027898877859116]}