{"acc_val": [91.3, 92.9, 92.7, 93.3, 93.9], "acc_train": [98.6, 97.4, 97.5, 98.4, 95.9], "loss": [0.5349018603563309, 0.5096189856529236, 0.5543053328990937, 0.4514892727136612, 0.5389041781425477]}