{"acc_val": [66.6, 83.1, 85.6, 87.8, 75.2], "acc_train": [69.0, 86.8, 87.8, 88.3, 77.0], "loss": [3.5166753768920898, 2.0044554233551026, 1.653060007095337, 2.0217000126838682, 2.5158914804458616]}