{"acc_val": [86.6, 85.3, 85.6, 85.0, 82.2], "acc_train": [88.8, 87.5, 87.1, 87.3, 85.1], "loss": [2.0492535829544067, 2.0930763363838194, 2.1817219972610475, 2.192193055152893, 2.1811867237091063]}