{"acc_val": [92.4, 93.1, 89.8, 93.2, 92.6], "acc_train": [95.5, 95.0, 94.7, 94.1, 94.9], "loss": [0.645241916179657, 0.5896323084831238, 0.8030301749706268, 0.7012419998645782, 0.6731544315814972]}