{"acc_val": [81.7, 86.2, 85.2, 84.1, 76.6], "acc_train": [80.8, 86.7, 86.1, 84.2, 78.4], "loss": [1.9619336366653441, 1.9724718570709228, 1.8816322922706603, 1.9125193238258362, 1.8615291714668274]}