{"acc_val": [80.4, 81.1, 84.9, 83.6, 76.7], "acc_train": [82.6, 83.8, 85.1, 83.3, 76.6], "loss": [2.1798720240592955, 1.9350280523300172, 2.055066227912903, 2.1676377773284914, 1.8488024711608886]}