{"acc_val": [85.5, 87.0, 86.9, 84.6, 81.7], "acc_train": [86.8, 89.9, 88.7, 90.5, 84.0], "loss": [1.2811424136161804, 1.2616127490997315, 1.5589982986450195, 1.085357403755188, 1.4173096537590026]}