{"acc_val": [87.9, 90.3, 89.1, 89.6, 90.6], "acc_train": [92.8, 94.0, 93.6, 94.1, 92.5], "loss": [0.8077529847621918, 0.7183545589447021, 0.702213728427887, 0.6483280122280121, 0.7329440891742707]}