{"acc_val": [82.4, 85.1, 89.0, 80.9, 68.2], "acc_train": [84.6, 91.3, 92.4, 86.0, 71.6], "loss": [2.2248902559280395, 1.2638174176216126, 1.2762928247451781, 2.2080080986022947, 3.5490511655807495]}