{"acc_val": [84.6, 68.8, 85.2, 79.5, 80.9], "acc_train": [90.2, 67.4, 89.3, 82.7, 82.5], "loss": [1.4677882194519043, 3.648107719421387, 1.4807136297225951, 1.6150617599487305, 2.3787225484848022]}