{"acc_val": [90.7, 92.0, 92.8, 93.7, 89.9], "acc_train": [94.6, 96.4, 96.2, 96.4, 93.7], "loss": [1.0024487793445587, 0.7549681067466736, 0.8265385150909423, 0.7601965606212616, 0.8863166034221649]}