{"acc_val": [81.3, 80.1, 83.8, 82.7, 86.5], "acc_train": [83.4, 82.0, 87.7, 87.2, 89.4], "loss": [1.292607581615448, 1.400783908367157, 1.506439483165741, 1.3255564332008363, 1.1242356181144715]}