{"acc_val": [91.9, 92.1, 90.6, 94.1, 93.5], "acc_train": [96.4, 96.0, 96.2, 98.2, 96.9], "loss": [0.633541601896286, 0.8202448546886444, 0.7366096317768097, 0.691695100069046, 0.804540890455246]}