{"acc_val": [87.7, 86.5, 88.3, 89.3, 90.5], "acc_train": [90.4, 87.5, 89.4, 92.0, 90.3], "loss": [0.8324077606201172, 1.0636493563652039, 1.0272712111473083, 0.8810095250606537, 0.8618929445743561]}