{"acc_val": [89.4, 89.5, 89.3, 87.9, 88.8], "acc_train": [90.2, 92.4, 92.1, 92.4, 89.7], "loss": [0.713251143693924, 0.7139857113361359, 0.7154736340045929, 0.7454755246639252, 0.8102763533592224]}