{"acc_val": [85.1, 84.9, 83.7, 84.4, 85.3], "acc_train": [99.6, 99.9, 98.8, 99.7, 99.5], "loss": [0.08578980267047882, 0.05111847575753927, 0.14931794852018357, 0.08336701840162278, 0.09800884798169136]}