{"acc_val": [67.1, 55.199999999999996, 57.7, 72.9, 55.4], "acc_train": [87.0, 55.0, 53.8, 92.9, 53.8], "loss": [0.3539948731660843, 0.6872140109539032, 0.68969367146492, 0.19703071862459182, 0.6897641241550445]}