{"acc_val": [84.6, 82.0, 83.8, 86.0, 82.5], "acc_train": [100.0, 98.6, 99.3, 99.5, 99.5], "loss": [0.05877773463726044, 0.12958035804331303, 0.10676958486437797, 0.07619141526520253, 0.07457620315253735]}