{"acc_val": [81.0, 80.9, 81.3, 81.1, 82.1], "acc_train": [96.9, 99.4, 98.4, 97.9, 98.1], "loss": [0.12746538817882538, 0.07234596200287342, 0.10512315705418587, 0.11668509319424629, 0.1273855548352003]}