{"acc_val": [81.5, 80.3, 79.4, 81.9, 78.7], "acc_train": [99.2, 99.5, 99.2, 99.7, 98.5], "loss": [0.0881817951798439, 0.06354254074394702, 0.06646766774356365, 0.04337766543030739, 0.06637587267905473]}