{"acc_val": [81.5, 84.0, 84.8, 84.0, 83.3], "acc_train": [98.2, 98.7, 98.6, 98.2, 99.1], "loss": [0.15306052789092064, 0.15130293369293213, 0.14222043827176095, 0.1558610789477825, 0.1281871773302555]}