{"acc_val": [79.5, 81.1, 80.8, 83.5, 80.2], "acc_train": [97.9, 99.2, 99.4, 99.8, 99.1], "loss": [0.10060313567519188, 0.0998864695429802, 0.07567456923425198, 0.06902168281376361, 0.06044745109975338]}