{"acc_val": [81.2, 79.3, 80.5, 82.7, 84.4], "acc_train": [98.3, 95.1, 100.0, 97.4, 98.3], "loss": [0.09268513023853302, 0.18658131882548332, 0.06116946041584015, 0.152397371083498, 0.09583959728479385]}