{"acc_val": [69.3, 56.2, 53.9, 58.5, 56.4], "acc_train": [86.6, 57.2, 55.4, 54.6, 52.6], "loss": [0.37695711851119995, 0.6823833286762238, 0.6871459722518921, 0.687945419549942, 0.6910968720912933]}