{"acc_val": [81.3, 82.9, 81.5, 81.6, 82.3], "acc_train": [98.9, 98.1, 96.9, 93.4, 98.4], "loss": [0.16299091205000876, 0.21190254539251327, 0.2749380812048912, 0.33801179379224777, 0.176945236325264]}