{"acc_val": [55.0, 57.800000000000004, 54.6, 54.8, 72.6], "acc_train": [57.9, 55.5, 54.199999999999996, 55.0, 82.5], "loss": [0.6790994048118592, 0.6854514837265014, 0.6888265490531922, 0.6868884205818176, 0.40749884843826295]}