{"acc_val": [82.7, 81.4, 82.9, 82.2, 81.2], "acc_train": [99.3, 99.4, 97.0, 98.2, 97.7], "loss": [0.10247803404927254, 0.08434062041342258, 0.1846931740641594, 0.13264174163341522, 0.1506315603852272]}