{"acc_val": [80.3, 79.9, 84.5, 81.0, 77.9], "acc_train": [99.7, 99.3, 97.8, 99.1, 97.7], "loss": [0.057147609815001485, 0.05861409790813923, 0.09412020146846771, 0.09015744552016258, 0.11354868151247502]}