{"acc_val": [82.5, 83.0, 82.9, 83.8, 83.8], "acc_train": [99.7, 99.9, 99.9, 99.8, 99.6], "loss": [0.059540028870105746, 0.03992466125637293, 0.032946443930268285, 0.027723426464945078, 0.03009290061891079]}