{"acc_val": [80.7, 81.7, 85.4, 83.7, 81.7], "acc_train": [97.7, 99.0, 98.6, 99.4, 98.7], "loss": [0.20888085588812827, 0.12525212839245797, 0.17600750997662545, 0.17882880419492722, 0.09308159314095973]}