{"acc_val": [84.8, 82.6, 83.5, 82.3, 84.4], "acc_train": [100.0, 95.5, 96.5, 100.0, 99.8], "loss": [0.04961765855550766, 0.13384991586208345, 0.0806292600929737, 0.0653609186410904, 0.07557205110788345]}