{"acc_val": [81.2, 80.7, 79.5, 75.9, 80.2], "acc_train": [97.0, 97.4, 89.9, 95.8, 96.7], "loss": [0.27698404639959334, 0.11291216611862183, 0.5148479849100113, 0.27039664387702944, 0.1830377534031868]}