{"acc_val": [80.7, 82.7, 81.6, 83.9, 81.7], "acc_train": [98.2, 96.6, 97.4, 97.2, 98.2], "loss": [0.11893465779721737, 0.2098992183804512, 0.15021990537643432, 0.15161189585924148, 0.12705109566450118]}