{"acc_val": [80.4, 81.7, 78.7, 80.1, 80.4], "acc_train": [98.9, 98.2, 97.9, 93.3, 95.0], "loss": [0.1346283882856369, 0.20284785330295563, 0.15038672611117362, 0.5353874117136002, 0.1995777040719986]}