{"acc_val": [82.1, 82.5, 85.7, 84.6, 84.5], "acc_train": [99.3, 99.8, 99.9, 100.0, 99.6], "loss": [0.05663716942071915, 0.04066717363893986, 0.05718522109091282, 0.031661834381520745, 0.07040154449641704]}