{"acc_val": [81.3, 81.7, 78.8, 81.5, 80.8], "acc_train": [96.7, 98.7, 98.3, 97.4, 98.8], "loss": [0.13021503910422325, 0.10587470345199108, 0.12401161044836044, 0.08914015144109726, 0.10082700178027153]}