{"acc_val": [81.1, 79.4, 81.6, 79.3, 80.5], "acc_train": [98.4, 96.3, 97.7, 97.2, 97.7], "loss": [0.10995922908186913, 0.2082867905497551, 0.16915154010057448, 0.21492922753095628, 0.15973340049386026]}