{"acc_val": [83.2, 82.1, 83.0, 84.0, 83.7], "acc_train": [99.9, 98.9, 99.7, 98.3, 99.4], "loss": [0.04057347252964973, 0.10786651968955993, 0.07150085419416427, 0.11358837708830834, 0.05474479049444199]}