{"acc_val": [81.6, 84.1, 83.7, 82.8, 83.2], "acc_train": [100.0, 99.8, 99.7, 99.4, 100.0], "loss": [0.04374642390757799, 0.08516901098191738, 0.07446655947715045, 0.06246091350913048, 0.03733763983473182]}