{"acc_val": [72.0, 78.7, 81.8, 68.3, 77.9], "acc_train": [87.6, 97.6, 99.7, 88.1, 95.2], "loss": [0.3002373442053795, 0.15484969019889833, 0.04294761766213924, 0.31538945734500884, 0.13784621506929398]}