{"acc_val": [82.5, 83.8, 81.2, 81.2, 85.4], "acc_train": [99.3, 99.5, 99.6, 100.0, 100.0], "loss": [0.0721444308757782, 0.04593731742352247, 0.06697224266827106, 0.05089237280189991, 0.034584610257297754]}