{"acc_val": [71.6, 70.6, 69.6, 69.7, 70.5], "acc_train": [85.1, 81.4, 88.0, 85.4, 90.5], "loss": [0.4032482415437698, 0.4586586892604828, 0.3073066994547844, 0.40393759310245514, 0.34875620901584625]}