{"acc_val": [81.9, 83.0, 82.7, 83.4, 83.3], "acc_train": [98.4, 99.2, 98.5, 99.4, 99.2], "loss": [0.12542116045951843, 0.07298964783549308, 0.1365225501358509, 0.0915422946214676, 0.10970373675227166]}