{"acc_val": [79.5, 82.3, 82.6, 84.6, 81.2], "acc_train": [98.8, 98.8, 99.3, 99.4, 98.8], "loss": [0.07711858637630939, 0.1294562540948391, 0.09826639853417873, 0.06595779992640019, 0.09827093444764615]}