{"acc_val": [82.3, 80.8, 79.1, 81.9, 82.0], "acc_train": [96.5, 96.7, 96.4, 96.6, 97.3], "loss": [0.21529103219509124, 0.16496064364910126, 0.26282170563936236, 0.2999087393283844, 0.14536184221506118]}