{"acc_val": [84.6, 84.3, 83.9, 82.1, 83.5], "acc_train": [99.0, 99.8, 99.7, 99.1, 98.9], "loss": [0.08215818628668785, 0.07189455516636371, 0.06209442764520645, 0.0734352570027113, 0.08526626788079739]}