{"acc_val": [70.9, 76.0, 66.5, 52.900000000000006, 76.2], "acc_train": [83.6, 97.4, 69.0, 53.4, 90.6], "loss": [0.4070984572172165, 0.13347347527742387, 0.5790743947029113, 0.6903721928596497, 0.3001513198018074]}