{"acc_val": [80.0, 81.5, 83.0, 82.5, 82.2], "acc_train": [98.1, 99.4, 98.5, 99.0, 98.2], "loss": [0.1224515575915575, 0.08170526213943959, 0.10655470564961433, 0.10718539543449879, 0.12757874727249147]}