{"acc_val": [56.3, 78.5, 79.7, 80.7, 82.1], "acc_train": [54.8, 94.3, 95.5, 97.5, 96.4], "loss": [0.6875619649887085, 0.22740611135959626, 0.2825663149356842, 0.17414305359125137, 0.24700553417205812]}