{"acc_val": [83.1, 83.4, 81.9, 82.7, 86.0], "acc_train": [99.0, 99.7, 98.0, 99.9, 99.7], "loss": [0.11185544952750207, 0.06709064543247223, 0.15508634150028228, 0.07870712205767631, 0.08425384387373924]}