{"acc_val": [82.3, 84.4, 84.0, 81.8, 83.8], "acc_train": [99.7, 99.3, 99.0, 99.9, 99.3], "loss": [0.08141503855586052, 0.09296313486993313, 0.09746612384915351, 0.06678153797984124, 0.1009714089334011]}