{"acc_val": [83.1, 80.0, 81.8, 81.7, 82.7], "acc_train": [99.6, 99.7, 98.5, 98.4, 99.1], "loss": [0.07658407166600227, 0.06224479712545872, 0.1399915110319853, 0.11339295282959938, 0.06918895225971937]}