{"acc_val": [81.7, 83.5, 81.1, 81.9, 84.1], "acc_train": [98.3, 98.4, 97.3, 98.6, 99.4], "loss": [0.10860039219260216, 0.12002366706728936, 0.12073584273457527, 0.12612650841474532, 0.06194817218929529]}