{"acc_val": [67.4, 74.9, 55.199999999999996, 69.0, 70.2], "acc_train": [84.9, 89.7, 53.5, 89.0, 76.3], "loss": [0.39961360692977904, 0.30239241719245913, 0.688072818517685, 0.2748857781291008, 0.5524419039487839]}