{"acc_val": [76.3, 73.6, 79.7, 80.5, 79.3], "acc_train": [91.3, 87.8, 97.9, 98.4, 99.4], "loss": [0.26888772249221804, 0.30805965065956115, 0.16157499328255653, 0.10151022970676422, 0.060547332651913165]}