{"acc_val": [70.3, 54.8, 56.4, 69.7, 76.2], "acc_train": [92.4, 55.4, 54.1, 90.6, 97.2], "loss": [0.2530390009284019, 0.6868614137172699, 0.6893183588981628, 0.27790791988372804, 0.10728218182921409]}