{"acc_val": [70.6, 65.9, 78.0, 75.4, 77.1], "acc_train": [90.3, 79.9, 96.0, 96.6, 97.1], "loss": [0.30580765604972837, 0.4874604195356369, 0.10713309273123742, 0.14237324073910712, 0.11933138743042945]}