{"acc_val": [78.7, 78.6, 81.4, 78.1, 77.3], "acc_train": [99.6, 98.9, 97.3, 93.8, 94.4], "loss": [0.061089823767542836, 0.09285753741860389, 0.10995974577963352, 0.24593014121055604, 0.1488257922232151]}