{"acc_val": [77.4, 67.4, 57.300000000000004, 79.5, 82.1], "acc_train": [96.2, 79.0, 56.6, 98.2, 100.0], "loss": [0.15589390844106674, 0.5149824053049088, 0.6841094017028808, 0.07308402825146913, 0.02126741912215948]}