{"acc_val": [84.3, 80.5, 80.5, 83.1, 84.3], "acc_train": [97.8, 96.1, 97.4, 97.8, 99.1], "loss": [0.22861842513084413, 0.22977152913808824, 0.22974055707454683, 0.1591654449701309, 0.1587680421769619]}