{"acc_val": [83.0, 81.9, 84.3, 82.1, 82.6], "acc_train": [97.1, 98.9, 95.8, 98.3, 95.9], "loss": [0.20798753201961517, 0.19860768914222718, 0.24541860073804855, 0.1584210366010666, 0.20891684144735337]}