{"acc_val": [81.0, 84.6, 83.4, 83.7, 81.8], "acc_train": [99.8, 99.9, 99.9, 100.0, 99.9], "loss": [0.042858706507831815, 0.0551924716681242, 0.041202362067997454, 0.03836647178977728, 0.04638638645410538]}