{"acc_val": [89.7, 87.6, 90.3, 87.6, 91.5], "acc_train": [92.1, 93.0, 95.0, 91.6, 92.5], "loss": [1.2707426786422729, 1.2706284523010254, 1.1834996342658997, 1.3312737822532654, 1.2856572985649108]}