{"acc_val": [88.2, 87.9, 88.4, 85.7, 85.0], "acc_train": [91.3, 93.1, 90.0, 87.9, 86.2], "loss": [2.26246817111969, 2.293300652503967, 2.162144887447357, 2.528698229789734, 2.4825896263122558]}