{"acc_val": [86.2, 91.1, 86.6, 89.5, 87.4], "acc_train": [90.8, 95.0, 89.6, 94.4, 88.9], "loss": [2.4681726932525634, 2.0504729032516478, 2.416132354736328, 2.244372570514679, 2.8357967138290405]}