{"acc_val": [89.3, 85.6, 90.2, 91.9, 84.3], "acc_train": [93.4, 89.8, 93.3, 95.6, 86.5], "loss": [1.6928822994232178, 2.0232871651649473, 1.953263521194458, 1.923512601852417, 2.5008449077606203]}