{"acc_val": [87.2, 86.4, 87.8, 87.5, 81.7], "acc_train": [92.3, 93.7, 94.5, 93.2, 83.7], "loss": [1.8583590030670165, 1.7185882329940796, 1.530350887775421, 1.5814900755882264, 2.391632843017578]}