{"acc_val": [86.0, 88.7, 87.1, 89.7, 89.9], "acc_train": [91.5, 92.3, 90.9, 93.0, 94.4], "loss": [1.4712836265563964, 1.5182012796401978, 1.4131580352783204, 1.348365890979767, 1.2370018661022186]}