{"acc_val": [87.6, 89.1, 88.3, 89.9, 88.9], "acc_train": [94.5, 95.1, 94.6, 94.2, 94.7], "loss": [0.7709389746189117, 0.60243761241436, 0.7183754861354827, 0.7188649773597717, 0.7215467691421509]}