{"acc_val": [92.0, 93.5, 94.5, 93.0, 91.6], "acc_train": [96.6, 97.5, 98.6, 98.1, 97.7], "loss": [1.0220798075199127, 0.9434865593910218, 0.8834157168865204, 0.8873261928558349, 1.0239450752735137]}