{"acc_val": [93.7, 92.4, 91.4, 93.2, 93.5], "acc_train": [98.2, 97.7, 96.7, 96.9, 96.8], "loss": [0.9415922105312348, 0.9542662501335144, 1.0265843272209167, 1.167662638425827, 1.2459059953689575]}