{"acc_val": [83.9, 88.3, 83.7, 86.3, 84.4], "acc_train": [85.6, 90.1, 87.2, 88.0, 88.7], "loss": [2.998828315734863, 2.9945456743240357, 3.1770960330963134, 2.8809221982955933, 2.9142572402954103]}