{"acc_val": [77.8, 90.4, 85.1, 83.5, 74.3], "acc_train": [79.1, 94.4, 88.8, 86.0, 74.6], "loss": [2.5915724992752076, 1.0645604252815246, 1.4915684103965758, 1.8192590713500976, 3.06313636302948]}