{"acc_val": [93.4, 93.9, 92.5, 93.6, 93.0], "acc_train": [98.6, 98.7, 97.7, 98.9, 98.6], "loss": [0.49875321686267854, 0.5473749190568924, 0.6782075047492981, 0.4852946400642395, 0.5848617881536484]}