{"acc_val": [90.7, 89.4, 91.6, 92.3, 91.2], "acc_train": [93.9, 95.0, 95.1, 95.5, 94.7], "loss": [0.9944759786128998, 0.9810396075248718, 0.9045993447303772, 0.9429655134677887, 0.9878235280513763]}