{"acc_val": [88.3, 90.0, 89.9, 89.1, 90.4], "acc_train": [93.3, 92.5, 93.7, 95.4, 94.7], "loss": [1.0157448291778564, 1.047457766532898, 1.042692494392395, 0.9223303914070129, 0.9514472663402558]}