{"acc_val": [91.1, 90.1, 90.6, 90.4, 92.5], "acc_train": [95.4, 95.4, 94.2, 94.5, 95.7], "loss": [1.06422101855278, 1.1104504585266113, 1.1409963488578796, 1.2485468983650208, 1.1905137658119203]}