{"acc_val": [86.4, 87.7, 88.0, 86.4, 89.7], "acc_train": [90.0, 89.2, 90.6, 90.8, 91.0], "loss": [2.0685711026191713, 2.443873572349548, 2.076514208316803, 2.1595473527908324, 1.8314552187919617]}