{"acc_val": [63.3, 87.4, 90.5, 82.0, 78.3], "acc_train": [65.4, 89.7, 96.2, 85.5, 82.8], "loss": [4.559717607498169, 3.9697906732559205, 2.68104465007782, 3.434536910057068, 4.064500403404236]}