{"acc_val": [93.3, 93.4, 94.1, 93.1, 91.8], "acc_train": [99.0, 98.4, 97.3, 97.2, 96.7], "loss": [0.5249741345643997, 0.7597771942615509, 0.7079958498477936, 0.7921128749847413, 1.1063320875167846]}