{"acc_val": [92.6, 91.2, 92.2, 92.8, 87.7], "acc_train": [98.0, 98.4, 97.8, 98.3, 93.2], "loss": [0.5582927376031875, 0.6340545654296875, 0.6931154072284699, 0.5726072400808334, 1.1550357520580292]}