{"acc_val": [93.4, 93.9, 92.2, 91.0, 93.7], "acc_train": [99.1, 99.0, 99.4, 98.2, 99.4], "loss": [0.34003890454769137, 0.3778234288096428, 0.3228583887219429, 0.3351930469274521, 0.35315337777137756]}