{"acc_val": [94.0, 90.1, 91.6, 92.9, 89.3], "acc_train": [98.1, 93.2, 96.6, 96.4, 96.2], "loss": [1.3554794192314148, 1.9105619311332702, 1.449064064025879, 1.6980356931686402, 1.6033987045288085]}