{"acc_val": [87.7, 90.9, 91.3, 89.9, 91.6], "acc_train": [91.6, 92.0, 93.7, 95.1, 93.8], "loss": [1.646505856513977, 1.316246783733368, 1.4852919340133668, 1.4017676949501037, 1.497819995880127]}