{"acc_val": [90.1, 88.9, 88.5, 88.8, 89.8], "acc_train": [94.4, 93.8, 94.7, 92.4, 94.2], "loss": [0.9348962962627411, 0.9135708451271057, 0.9025858819484711, 1.0394117534160614, 0.8969685733318329]}