{"acc_val": [80.6, 91.8, 81.0, 91.2, 86.1], "acc_train": [83.4, 95.4, 84.0, 95.1, 91.0], "loss": [2.28623423576355, 1.5116223573684693, 2.168444204330444, 1.605985450744629, 1.8495439410209655]}