{"acc_val": [88.7, 89.7, 90.3, 89.3, 91.3], "acc_train": [93.6, 92.9, 95.1, 95.9, 94.8], "loss": [1.2603196024894714, 1.1647542238235473, 1.103259801864624, 1.1139195084571838, 1.2829394578933715]}