{"acc_val": [85.7, 89.0, 87.9, 87.9, 88.3], "acc_train": [91.3, 92.3, 91.2, 92.8, 92.3], "loss": [0.863119488954544, 0.8483328342437744, 0.8543673813343048, 0.8687603116035462, 0.9274894595146179]}