{"acc_val": [89.6, 90.7, 90.8, 93.1, 90.6], "acc_train": [93.3, 94.5, 94.6, 94.6, 95.9], "loss": [0.8498133301734925, 0.8305769920349121, 0.8517227232456207, 0.9151714742183685, 0.8145081996917725]}