{"acc_val": [88.7, 85.1, 76.9, 87.6, 85.4], "acc_train": [95.0, 88.9, 79.8, 88.9, 90.0], "loss": [2.4606086730957033, 2.615070104598999, 3.15921893119812, 2.8640634536743166, 2.8390394687652587]}