{"acc_val": [94.5, 93.5, 94.0, 93.6, 93.5], "acc_train": [97.9, 98.9, 99.0, 98.4, 99.1], "loss": [0.6475103795528412, 0.49692360162734983, 0.47091367840766907, 0.5099907398223877, 0.3912599444389343]}