{"acc_val": [93.3, 92.0, 92.8, 92.5, 92.7], "acc_train": [95.8, 95.1, 97.5, 95.7, 96.4], "loss": [1.6694647312164306, 1.293057882785797, 1.3782655239105224, 1.7762879967689513, 1.2560680747032165]}