{"acc_val": [88.4, 91.9, 89.8, 90.3, 88.3], "acc_train": [93.4, 94.3, 95.5, 93.6, 92.9], "loss": [0.8591625034809113, 0.8343725740909577, 0.7420293152332306, 0.8971354961395264, 0.8325436472892761]}