{"acc_val": [95.2, 93.4, 92.8, 89.5, 92.3], "acc_train": [99.4, 98.4, 98.1, 98.3, 99.3], "loss": [0.39339331090450286, 0.5475330203771591, 0.5092991888523102, 0.501200208067894, 0.3754034250974655]}