{"acc_val": [93.9, 93.3, 93.5, 90.3, 93.2], "acc_train": [97.5, 96.3, 98.0, 94.2, 96.6], "loss": [0.9659738600254059, 1.1300002098083497, 1.0486168324947358, 1.316182804107666, 1.0446702182292937]}