{"acc_val": [89.1, 90.0, 86.3, 89.9, 90.5], "acc_train": [93.2, 93.1, 92.3, 92.9, 92.1], "loss": [2.057359981536865, 1.9689718723297118, 2.086639404296875, 2.077983009815216, 2.2265317678451537]}