{"acc_val": [88.3, 89.2, 88.3, 89.4, 90.3], "acc_train": [92.0, 92.4, 94.3, 91.9, 93.0], "loss": [1.2913824319839478, 1.3395614624023438, 1.2317233324050902, 1.4373244643211365, 1.190709924697876]}