{"acc_val": [78.6, 81.3, 65.5, 76.6, 74.4], "acc_train": [84.6, 87.2, 66.9, 78.7, 74.1], "loss": [1.4641936779022218, 1.7433164834976196, 3.045167565345764, 1.9208340525627137, 2.3787228584289553]}