{"acc_val": [88.0, 88.1, 88.6, 89.2, 88.5], "acc_train": [93.3, 94.8, 93.2, 91.5, 93.5], "loss": [0.8519711434841156, 0.7413797974586487, 0.7587750554084778, 0.8129799127578735, 0.7056679606437684]}