{"acc_val": [89.1, 87.6, 85.4, 87.2, 88.0], "acc_train": [93.9, 90.1, 89.7, 91.6, 94.0], "loss": [1.7497622966766357, 2.3112333536148073, 2.0845213294029237, 1.9059284210205079, 2.0476604461669923]}