{"acc_val": [88.1, 86.8, 84.0, 89.6, 90.0], "acc_train": [88.7, 88.5, 85.4, 91.4, 94.3], "loss": [2.42737934589386, 2.7387083530426026, 3.026167464256287, 2.2028080463409423, 2.459071636199951]}