{"acc_val": [76.4, 87.3, 76.2, 79.8, 90.1], "acc_train": [79.6, 93.7, 79.8, 84.6, 93.3], "loss": [3.4731659412384035, 2.2211275815963747, 3.690393400192261, 2.9776045083999634, 2.4826973915100097]}