{"acc_val": [90.6, 90.5, 90.9, 92.1, 88.9], "acc_train": [93.8, 95.2, 94.1, 92.7, 93.6], "loss": [2.353238844871521, 1.8363795518875121, 1.9250727772712708, 2.0326873540878294, 1.7672317504882813]}