{"acc_val": [92.9, 84.1, 85.6, 84.3, 74.2], "acc_train": [97.8, 89.5, 92.5, 91.6, 81.2], "loss": [0.6622765243053437, 1.1409695982933044, 1.161670994758606, 1.3132520914077759, 2.547268009185791]}