{"acc_val": [92.5, 92.6, 88.5, 93.0, 89.0], "acc_train": [98.3, 98.6, 96.2, 98.4, 95.9], "loss": [0.4225673109292984, 0.45982640981674194, 0.6384306460618973, 0.41446168422698976, 0.6680564105510711]}