{"acc_val": [91.7, 88.1, 89.6, 90.8, 91.0], "acc_train": [93.8, 92.4, 94.3, 95.5, 94.3], "loss": [0.8821615099906921, 0.9535007774829865, 0.9020259737968445, 0.8225785851478576, 0.8551795065402985]}