{"acc_val": [90.5, 90.2, 93.2, 91.7, 92.5], "acc_train": [97.4, 96.8, 98.8, 97.7, 96.9], "loss": [0.560617995262146, 0.6372982203960419, 0.4686051607131958, 0.5726155251264572, 0.6258275628089904]}