{"acc_val": [90.8, 90.3, 88.3, 89.1, 89.4], "acc_train": [95.9, 96.1, 96.2, 97.0, 98.2], "loss": [0.6186147511005402, 0.5372449576854705, 0.6286642670631408, 0.6986876428127289, 0.40631077587604525]}