{"acc_val": [91.6, 90.9, 90.3, 92.2, 92.2], "acc_train": [98.3, 97.7, 97.7, 97.8, 98.4], "loss": [0.408459410071373, 0.5653169214725494, 0.46828594207763674, 0.39204437136650083, 0.4409804046154022]}