{"acc_val": [89.1, 90.3, 91.1, 88.4, 88.3], "acc_train": [93.8, 93.0, 93.3, 93.5, 94.6], "loss": [0.9143331110477447, 0.9188858151435852, 0.8774438977241517, 0.787835818529129, 0.9540334045886993]}