{"acc_val": [76.3, 85.3, 57.0, 79.9, 85.8], "acc_train": [77.2, 90.9, 54.699999999999996, 83.8, 92.6], "loss": [3.308345603942871, 2.9022127628326415, 4.22263126373291, 3.045809245109558, 4.193215680122376]}