{"acc_val": [91.6, 92.6, 91.9, 92.8, 92.8], "acc_train": [96.3, 96.0, 96.9, 96.8, 96.0], "loss": [1.5216004729270936, 1.3632842302322388, 1.3603091955184936, 1.285088014602661, 1.7702609539031982]}