{"acc_val": [91.8, 89.8, 91.2, 92.4, 85.1], "acc_train": [97.7, 95.7, 95.8, 97.2, 86.9], "loss": [0.6939825296401978, 0.9176862716674805, 0.7685409784317017, 0.7730993926525116, 1.3025738596916199]}