{"acc_val": [75.9, 75.3, 81.9, 73.6, 72.0], "acc_train": [81.0, 76.5, 85.6, 75.4, 75.3], "loss": [3.6291343450546263, 3.3272176027297973, 3.277830457687378, 4.083867931365967, 3.4472857236862184]}