{"acc_val": [88.9, 91.5, 87.2, 91.6, 89.7], "acc_train": [94.3, 95.1, 92.4, 94.5, 92.0], "loss": [1.627161979675293, 1.8607819437980653, 1.9817084908485412, 1.9977861166000366, 2.0175833821296694]}