{"acc_val": [90.2, 87.6, 90.4, 91.1, 88.4], "acc_train": [94.4, 93.8, 94.9, 92.1, 92.8], "loss": [0.8916225016117096, 0.9647805035114289, 0.9193019926548004, 1.0575417399406433, 1.2561773657798767]}