{"acc_val": [90.2, 89.7, 88.0, 89.5, 89.4], "acc_train": [94.0, 93.1, 90.6, 92.8, 93.8], "loss": [1.2173233151435852, 1.1888656079769135, 1.3848337650299072, 1.1940844655036926, 1.2145188331604004]}