{"acc_val": [90.3, 90.4, 88.8, 89.8, 90.0], "acc_train": [94.6, 94.2, 95.7, 94.4, 94.3], "loss": [0.6958674430847168, 0.8609894275665283, 0.7337321817874909, 0.8398598790168762, 0.7819271206855773]}