{"acc_val": [94.4, 93.9, 94.0, 92.9, 93.9], "acc_train": [97.5, 98.6, 97.3, 98.0, 97.8], "loss": [0.6587753057479858, 0.5807844072580337, 0.7224679231643677, 0.5400415301322937, 0.5878590226173401]}