{"acc_val": [89.2, 89.8, 88.0, 89.9, 88.4], "acc_train": [94.9, 93.5, 92.5, 93.8, 94.5], "loss": [0.9136930286884308, 0.9135224282741546, 0.8631794333457947, 0.8702107727527618, 0.8900063097476959]}