{"acc_val": [88.8, 89.0, 85.0, 89.7, 89.6], "acc_train": [92.6, 93.0, 90.0, 92.0, 92.9], "loss": [2.275539815425873, 1.74315664768219, 2.0710946679115296, 1.704118549823761, 1.7735191702842712]}