{"acc_val": [92.2, 90.9, 88.9, 92.0, 91.3], "acc_train": [96.8, 96.5, 96.3, 95.6, 96.8], "loss": [0.9607725262641906, 1.054847037792206, 1.0961820423603057, 1.1850505352020264, 1.0057726800441742]}