{"acc_val": [88.7, 89.7, 92.0, 91.8, 91.2], "acc_train": [92.4, 92.6, 94.0, 94.2, 94.0], "loss": [1.3514119148254395, 1.2028700351715087, 1.3924266338348388, 1.2094035863876342, 1.284023892879486]}