{"acc_val": [90.6, 91.4, 88.2, 89.5, 90.0], "acc_train": [94.1, 93.2, 96.4, 94.9, 94.1], "loss": [0.6985933661460877, 0.7360878348350525, 0.70036541223526, 0.7147284686565399, 0.7303065121173858]}