{"acc_val": [87.5, 88.2, 89.5, 87.1, 88.5], "acc_train": [94.1, 94.9, 95.0, 94.7, 93.1], "loss": [1.5033694505691528, 1.5524725437164306, 1.4598960876464844, 1.4133318305015563, 1.6505545258522034]}