{"acc_val": [87.1, 86.8, 85.5, 87.2, 87.7], "acc_train": [94.5, 94.6, 90.7, 94.7, 89.9], "loss": [1.7996582627296447, 1.8772302150726319, 2.297744798660278, 1.7926291704177857, 2.0405822157859803]}