{"acc_val": [87.9, 88.6, 88.7, 89.3, 87.9], "acc_train": [93.0, 93.1, 94.5, 93.1, 90.9], "loss": [1.7930082440376283, 1.611636757850647, 1.427893054485321, 1.646966314315796, 1.5968810677528382]}