{"acc_val": [88.1, 89.1, 86.6, 91.0, 90.6], "acc_train": [93.6, 95.4, 94.6, 95.3, 94.6], "loss": [1.3525530695915222, 1.2465447425842284, 1.3172070026397704, 1.1770283818244933, 1.2677006602287293]}