{"acc_val": [56.4, 74.6, 79.5, 53.4, 66.0], "acc_train": [55.8, 78.6, 77.6, 58.4, 67.3], "loss": [5.279199695587158, 4.512374067306519, 4.314823150634766, 5.2793152809143065, 4.880008506774902]}