{"acc_val": [73.2, 72.19999999999999, 79.4, 78.4, 78.5], "acc_train": [79.3, 73.3, 81.4, 83.9, 85.1], "loss": [3.4473899364471436, 4.128522300720215, 3.663291335105896, 3.2272035121917724, 3.343112254142761]}