{"acc_val": [84.8, 84.7, 82.9, 84.2, 81.1], "acc_train": [86.1, 89.4, 87.5, 85.7, 87.1], "loss": [2.331764984130859, 2.626192736625671, 2.8938687562942507, 2.9503774404525758, 2.7516570806503298]}