{"acc_val": [88.9, 85.0, 88.1, 88.4, 87.5], "acc_train": [92.4, 90.9, 92.4, 91.4, 92.9], "loss": [1.6565396547317506, 2.2033917188644407, 1.81215341091156, 1.8332980513572692, 1.8496384024620056]}