{"acc_val": [71.2, 73.9, 56.1, 71.3, 66.0], "acc_train": [73.4, 73.4, 57.0, 73.2, 67.1], "loss": [4.535921430587768, 3.990534257888794, 5.27864294052124, 4.543964672088623, 4.385691547393799]}