{"acc_val": [83.8, 83.3, 85.6, 86.0, 53.9], "acc_train": [89.8, 84.6, 91.7, 90.0, 51.300000000000004], "loss": [2.297687363624573, 2.376003289222717, 2.3993258476257324, 2.4656927824020385, 5.293730545043945]}