{"acc_val": [77.2, 74.8, 73.3, 70.8, 69.3], "acc_train": [80.4, 74.4, 77.2, 75.1, 69.3], "loss": [3.9971354007720947, 4.104942417144775, 4.1648269414901735, 4.070597815513611, 4.456276750564575]}