{"acc_val": [83.0, 87.4, 82.8, 84.3, 83.4], "acc_train": [82.8, 88.9, 86.6, 92.1, 85.4], "loss": [3.436097025871277, 2.9930882930755613, 3.1964869022369387, 3.1575160026550293, 3.4545982599258425]}