{"acc_val": [85.9, 85.0, 84.5, 86.5, 85.7], "acc_train": [92.5, 90.1, 90.6, 93.3, 91.9], "loss": [2.641078543663025, 1.9343245148658752, 1.7937641739845276, 1.847484564781189, 2.3395095586776735]}