{"acc_val": [75.8, 73.4, 72.0, 73.1, 61.0], "acc_train": [78.5, 77.3, 73.6, 78.5, 66.6], "loss": [4.3336982250213625, 4.213428497314453, 4.637822437286377, 4.409294939041137, 4.851807594299316]}