{"acc_val": [84.5, 88.7, 85.3, 79.1, 84.7], "acc_train": [90.3, 91.7, 90.8, 85.4, 90.5], "loss": [3.0321529388427733, 2.323057746887207, 2.523247718811035, 2.9204640626907348, 2.4557659149169924]}