{"acc_val": [89.1, 89.4, 88.1, 90.3, 90.1], "acc_train": [96.2, 94.0, 95.2, 95.0, 94.2], "loss": [1.2520338296890259, 1.120855462551117, 1.4231222867965698, 1.2281659245491028, 1.338669443130493]}