{"acc_val": [82.9, 86.8, 86.3, 84.6, 87.9], "acc_train": [87.3, 88.5, 91.0, 88.7, 92.6], "loss": [3.045640301704407, 2.899280476570129, 2.8451560735702515, 2.9887383937835694, 2.8089224815368654]}