{"acc_val": [81.3, 88.2, 85.5, 79.5, 80.6], "acc_train": [86.9, 92.2, 90.2, 82.9, 85.3], "loss": [2.855442237854004, 2.5262519121170044, 2.7523916959762573, 3.83725266456604, 3.6330453634262083]}