{"acc_val": [82.8, 84.1, 83.0, 74.8, 74.5], "acc_train": [90.5, 87.2, 84.2, 75.8, 76.5], "loss": [2.4973156213760377, 2.9833415269851686, 3.8340157747268675, 3.582319736480713, 3.33865864276886]}