{"acc_val": [85.0, 87.4, 88.1, 85.0, 86.8], "acc_train": [90.4, 93.2, 92.3, 91.2, 91.2], "loss": [2.454380011558533, 2.3465457916259767, 2.1137284517288206, 2.6649054527282714, 2.8717607498168944]}