{"acc_val": [88.3, 86.4, 87.7, 87.8, 89.0], "acc_train": [94.9, 92.8, 90.7, 94.9, 95.3], "loss": [1.3403552770614624, 1.2932506680488587, 1.6440894722938537, 1.1435704350471496, 1.3143377900123596]}