{"acc_val": [86.9, 85.1, 88.9, 86.8, 83.6], "acc_train": [91.8, 90.5, 91.3, 91.4, 87.1], "loss": [2.127208614349365, 2.204218363761902, 2.0019028544425965, 2.173547101020813, 2.3043087840080263]}