{"acc_val": [85.6, 85.3, 86.4, 88.2, 85.3], "acc_train": [92.7, 90.4, 93.8, 94.5, 91.4], "loss": [1.9305876255035401, 1.6662566423416139, 1.8228935241699218, 1.409775823354721, 1.927285385131836]}